Country,Number groups,Revenue,P/L before tax,Income tax paid,Income tax accrued,capital,accum_earnings,Number employees,Tangible assets,ISO2,Income tax as % of pretax profits,Sales share %,Employment share %,Profit total (M),Sales total (M),Employment (th),Subject Descriptor,Units,Scale,Country/Series-specific Notes,GDP_USD,Estimates Start After,Reg,Inc,Year,ISO,TotTax (X),CIT (AK),CITnr (AM),TTxsc (Y),GDP_LCU,number_datapoints,CIT,population,G7,G24,G77,EU,OECD,G20,US,G7_noUS,OECD_noUS,G20_noOECD,All,TotTax (X) USD,CIT (AK) USD,CITnr (AM) USD,TTxsc (Y) USD
All jurisdictions,1101,1.63E+13,1.42E+12,2.63E+11,2.63E+11,2.24E+13,1.13E+13,27553900,6.22E+12,World,18.50244517,,,,,,,,,,,,,,,,,,,,,,,,FALSE,FALSE,FALSE,FALSE,FALSE,FALSE,FALSE,FALSE,FALSE,FALSE,TRUE,,,,
United States,1017,1.05E+13,8.68E+11,1.77E+11,1.86E+11,1.18E+13,7.38E+12,16377437,4.22E+12,US,20.34671188,,,,,,"Gross domestic product, current prices",U.S. dollars,Dollars,"See notes for:  Gross domestic product, current prices (National currency).",1.86E+13,2017,North America,High Income,1980,USA,0.270112743,0.019093013,0.019093013,0.207847177,2857330,5,0.400000006,322196869.3,TRUE,FALSE,FALSE,FALSE,TRUE,TRUE,TRUE,FALSE,FALSE,FALSE,TRUE,5.03E+12,3.56E+11,3.56E+11,3.87E+12
Stateless entities and other country,453,6.45E+11,1.21E+11,703005166,824776627,1.62E+12,6.62E+11,482627,3.86E+11,Stateless,0.581730377,,,,,,,,,,,,,Tax haven,,,,,,,,,0.35,,FALSE,FALSE,FALSE,FALSE,FALSE,FALSE,FALSE,FALSE,FALSE,FALSE,TRUE,,,,
Algeria,33,2502085411,1219730603,715789440,649633022,884820957,1402442193,4133,1615036122,DZ,58.68422406,,,,,,"Gross domestic product, current prices",U.S. dollars,Dollars,"See notes for:  Gross domestic product, current prices (National currency).",1.59E+11,2016,Middle East & North Africa,UMICs,1980,DZA,0.143217472,,,0.143217472,162500,3,0.25,40227258.75,FALSE,TRUE,TRUE,FALSE,FALSE,FALSE,FALSE,FALSE,FALSE,FALSE,TRUE,22778595737,,,22778595737
Angola,31,5987970691,-477367266,495422226,498517108,3154368161,-1727795212,10297,17038207917,AO,-103.7821948,,,,,,"Gross domestic product, current prices",U.S. dollars,Dollars,"See notes for:  Gross domestic product, current prices (National currency).",95337000000,2015,Sub - Saharan Africa,LMICs,1980,AGO,0.166269377,,,0.158076822,0.000161254,3,0.320000005,28344356.75,FALSE,FALSE,FALSE,FALSE,FALSE,FALSE,FALSE,FALSE,FALSE,FALSE,TRUE,15851623606,,,15070570024
Botswana,20,276754742,12152580,4017169,3470990,20169548,36714926,1310,42759061,BW,33.05610002,,,,,,"Gross domestic product, current prices",U.S. dollars,Dollars,"See notes for:  Gross domestic product, current prices (National currency).",15660000000,2015,Sub - Saharan Africa,UMICs,1980,BWA,0.231535463,,,0.231535463,879,3,0.219999999,2229922.75,FALSE,FALSE,FALSE,FALSE,FALSE,FALSE,FALSE,FALSE,FALSE,FALSE,TRUE,3625845354,,,3625845354
Cameroon,13,86250356,-34590586,8724124,5750930,32048346,5901016,575,28962338,CM,-25.22109339,,,,,,"Gross domestic product, current prices",U.S. dollars,Dollars,"See notes for:  Gross domestic product, current prices (National currency).",32230000000,2016,Sub - Saharan Africa,LMICs,1980,CMR,0.133761924,0.023819514,,0.131453571,1713950,4,0.330000013,23141835.5,FALSE,FALSE,TRUE,FALSE,FALSE,FALSE,FALSE,FALSE,FALSE,FALSE,TRUE,4311146801,767702947.5,,4236748609
Congo (Brazzaville),15,507627605,-429416667,45717068,38070890,159832636,-235530161,936,3607467348,CG,-10.64631895,,,,,,"Gross domestic product, current prices",U.S. dollars,Dollars,"See notes for:  Gross domestic product, current prices (National currency).",7787000000,2015,Sub - Saharan Africa,LMICs,1980,COG,0.175036832,,,0.175036832,440143,3,0.325000003,5063330,FALSE,FALSE,TRUE,FALSE,FALSE,FALSE,FALSE,FALSE,FALSE,FALSE,TRUE,1363011808,,,1363011808
Cote D'Ivoire (Ivory Coast),19,1195210848,-51869522,9869963,13141456,653170132,-317366403,1068,199283228,CI,-19.0284441,,,,,,"Gross domestic product, current prices",U.S. dollars,Dollars,"See notes for:  Gross domestic product, current prices (National currency).",36375000000,2015,Sub - Saharan Africa,LMICs,1980,CIV,0.164702855,,,0.164702855,2121148,3,0.25,23407622.75,FALSE,TRUE,FALSE,FALSE,FALSE,FALSE,FALSE,FALSE,FALSE,FALSE,TRUE,5991066350,,,5991066350
Egypt,138,10302447024,430613663,515920549,475988503,1432994190,10075866816,34226,5294260864,EG,119.8105386,,,,,,"Gross domestic product, current prices",U.S. dollars,Dollars,"See notes for:  Gross domestic product, current prices (National currency).",3.32E+11,2017,Middle East & North Africa,LMICs,1980,EGY,,0.033400576,0.014736599,0.13314121,16466,4,0.234999996,94708142.5,FALSE,TRUE,TRUE,FALSE,FALSE,FALSE,FALSE,FALSE,FALSE,FALSE,TRUE,,11105157233,4899683523,44267322190
Equatorial Guinea,16,2449913229,439637664,215212798,274883103,3148121644,739535767,1728,3405425658,GQ,48.95231133,,,,,,"Gross domestic product, current prices",U.S. dollars,Dollars,"See notes for:  Gross domestic product, current prices (National currency).",10178000000,2016,Sub - Saharan Africa,UMICs,1980,GNQ,0.059253272,0.03026485,,0.059253272,7343,4,0.349999994,1198498,FALSE,FALSE,FALSE,FALSE,FALSE,FALSE,FALSE,FALSE,FALSE,FALSE,TRUE,603079805.4,308035640.2,,603079805.4
Gabon,19,182097413,-127245247,20691878,12269419,238273368,-269053037,658,206859778,GA,-16.26141525,,,,,,"Gross domestic product, current prices",U.S. dollars,Dollars,"See notes for:  Gross domestic product, current prices (National currency).",14020000000,2016,Sub - Saharan Africa,UMICs,1980,GAB,,,,,963205,1,0.325000003,1952702.75,FALSE,TRUE,TRUE,FALSE,FALSE,FALSE,FALSE,FALSE,FALSE,FALSE,TRUE,,,,
Ghana,59,2027678093,-5242612,45327056,28270182,966095239,1272009417,5464,3787472825,GH,-864.5891781,,,,,,"Gross domestic product, current prices",U.S. dollars,Dollars,"See notes for:  Gross domestic product, current prices (National currency).",42787000000,2016,Sub - Saharan Africa,LMICs,1980,GHA,0.123773156,0.019683258,,0.123773156,11,4,0.25,27896435.25,FALSE,TRUE,TRUE,FALSE,FALSE,FALSE,FALSE,FALSE,FALSE,FALSE,TRUE,5295882011,842187544,,5295882011
Kenya,76,1053650130,19275331,50381624,35955687,420150818,-333907837,3294,280751338,KE,261.3787748,,,,,,"Gross domestic product, current prices",U.S. dollars,Dollars,"See notes for:  Gross domestic product, current prices (National currency).",70527000000,2016,Sub - Saharan Africa,LMICs,1980,KEN,0.155813355,0.035183496,0.035183496,0.155754198,74940,5,0.300000012,47855484.5,FALSE,TRUE,TRUE,FALSE,FALSE,FALSE,FALSE,FALSE,FALSE,FALSE,TRUE,10989048501,2481386397,2481386397,10984876346
Libya,21,72873033,-166554664,15264700,-44801222,1520368243,-828991479,126,1852368936,LY,-9.164979013,,,,,,"Gross domestic product, current prices",U.S. dollars,Dollars,"See notes for:  Gross domestic product, current prices (National currency).",18539000000,2016,Middle East & North Africa,UMICs,1980,LBY,0.011925229,,,0.011925229,11529,3,0.200000003,6276733,FALSE,FALSE,TRUE,FALSE,FALSE,FALSE,FALSE,FALSE,FALSE,FALSE,TRUE,221081817,,,221081817
Mauritius,182,3705440643,2507667354,150205883,130050862,20676507580,10197706517,3321,47389028,MU,5.989864755,,,,,,"Gross domestic product, current prices",U.S. dollars,Dollars,"See notes for:  Gross domestic product, current prices (National currency).",12150000000,2016,Sub - Saharan Africa,Tax haven,1980,MUS,0.186952007,0.025971386,0.025971386,0.183941941,9414,5,0.150000006,1262906.25,FALSE,FALSE,FALSE,FALSE,FALSE,FALSE,FALSE,FALSE,FALSE,FALSE,TRUE,2271466888,315552337.3,315552337.3,2234894582
Morocco,112,2772423296,193907426,41007322,38978272,711053152,382979867,27322,678185844,MA,21.14788631,,,,,,"Gross domestic product, current prices",U.S. dollars,Dollars,"See notes for:  Gross domestic product, current prices (National currency).",1.04E+11,2016,Middle East & North Africa,LMICs,1980,MAR,0.223490894,0.045466318,0.045466318,0.223490894,86600,5,0.306000006,35034442.5,FALSE,TRUE,TRUE,FALSE,FALSE,FALSE,FALSE,FALSE,FALSE,FALSE,TRUE,23155221010,4710628794,4710628794,23155221010
Mozambique,26,380520518,-113204834,5799439,-956872,34417441,457652775,5450,291917778,MZ,-5.122960562,,,,,,"Gross domestic product, current prices",U.S. dollars,Dollars,"See notes for:  Gross domestic product, current prices (National currency).",11272000000,2016,Sub - Saharan Africa,LICs,1980,MOZ,0.208834702,,,0.208834702,188,3,0.319999993,28430345.75,FALSE,FALSE,FALSE,FALSE,FALSE,FALSE,FALSE,FALSE,FALSE,FALSE,TRUE,2353984765,,,2353984765
Namibia,22,72571786,3681039,6055148,2397022,32641760,-13785429,499,15412139,NA,164.495622,,,,,,"Gross domestic product, current prices",U.S. dollars,Dollars,"See notes for:  Gross domestic product, current prices (National currency).",10945000000,2016,Sub - Saharan Africa,UMICs,1980,NAM,0.287108127,0.046452204,0.036743525,0.287108127,1689,5,0.326000005,2452515,FALSE,FALSE,FALSE,FALSE,FALSE,FALSE,FALSE,FALSE,FALSE,FALSE,TRUE,3142398454,508419371.6,402157876,3142398454
Nigeria,101,10721920720,836401154,1485673354,1403826132,3969506618,4342529082,10510,32013919637,NG,177.6268895,,,,,,"Gross domestic product, current prices",U.S. dollars,Dollars,"See notes for:  Gross domestic product, current prices (National currency).",4.05E+11,2017,Sub - Saharan Africa,LMICs,1980,NGA,,0.010496152,0.010496152,,49012,3,0.300000012,183629549.3,FALSE,TRUE,TRUE,FALSE,FALSE,FALSE,FALSE,FALSE,FALSE,FALSE,TRUE,,4255580885,4255580885,
Senegal,21,135205615,67678367,1489415,2014471,44568671,-4345628,419,26835616,SN,2.200725381,,,,,,"Gross domestic product, current prices",U.S. dollars,Dollars,"See notes for:  Gross domestic product, current prices (National currency).",14715000000,2016,Sub - Saharan Africa,LMICs,1980,SEN,0.159202315,0.014708915,0.014708915,0.159202315,937036,5,0.300000012,15196321.5,FALSE,FALSE,TRUE,FALSE,FALSE,FALSE,FALSE,FALSE,FALSE,FALSE,TRUE,2342662060,216441678,216441678,2342662060
South Africa,332,29047941327,1112087653,369538506,313323851,11999501483,3024271316,102349,6592854411,ZA,33.22926075,,,,,,"Gross domestic product, current prices",U.S. dollars,Dollars,"See notes for:  Gross domestic product, current prices (National currency).",2.96E+11,2017,Sub - Saharan Africa,UMICs,1980,ZAF,0.291506205,0.05346419,0.05346419,0.285980802,64628,5,0.280000001,55640856.25,FALSE,TRUE,FALSE,FALSE,FALSE,TRUE,FALSE,FALSE,FALSE,TRUE,TRUE,86191971742,15808184833,15808184833,84558231436
Tanzania,31,288442985,-36826241,9007302,5999112,83725141,30194890,2823,669172298,TZ,-24.45892319,,,,,,"Gross domestic product, current prices",U.S. dollars,Dollars,"See notes for:  Gross domestic product, current prices (National currency).",47653000000,2016,Sub - Saharan Africa,LICs,1980,TZA,0.118266727,0.012203802,,0.118266727,72757,4,0.300000012,54749261.5,FALSE,FALSE,TRUE,FALSE,FALSE,FALSE,FALSE,FALSE,FALSE,FALSE,TRUE,5635764335,581547760.2,,5635764335
Tunisia,47,545039004,25517038,5966963,9753283,227512155,-53168357,6849,78225104,TN,23.38423057,,,,,,"Gross domestic product, current prices",U.S. dollars,Dollars,"See notes for:  Gross domestic product, current prices (National currency).",42074000000,2017,Middle East & North Africa,LMICs,1980,TUN,0.296149324,0.016142475,0.012288781,0.202445187,3874,5,0.260000002,11338236,FALSE,FALSE,TRUE,FALSE,FALSE,FALSE,FALSE,FALSE,FALSE,FALSE,TRUE,12460186638,679178508.4,517038182.2,8517678789
Uganda,22,161252688,3140810,7212844,4343081,170675888,-32062641,499,133218064,UG,229.6491669,,,,,,"Gross domestic product, current prices",U.S. dollars,Dollars,"See notes for:  Gross domestic product, current prices (National currency).",25307000000,2016,Sub - Saharan Africa,LICs,1980,UGA,0.126762833,,,0.126762833,1731,3,0.300000012,40832282.75,FALSE,FALSE,TRUE,FALSE,FALSE,FALSE,FALSE,FALSE,FALSE,FALSE,TRUE,3207987016,,,3207987016
Zambia,24,523769287,-50771214,12669905,14524143,124036778,-196271452,2514,108339455,ZM,-24.95489866,,,,,,"Gross domestic product, current prices",U.S. dollars,Dollars,"See notes for:  Gross domestic product, current prices (National currency).",20941000000,2016,Sub - Saharan Africa,LMICs,1980,ZMB,0.129700414,,,0.129700414,3064,3,0.349999994,16351770.25,FALSE,FALSE,FALSE,FALSE,FALSE,FALSE,FALSE,FALSE,FALSE,FALSE,TRUE,2716056363,,,2716056363
Zimbabwe,19,314531559,45277106,4994310,6503421,23418016,201145335,2714,153758451,ZW,11.03054157,,,,,,"Gross domestic product, current prices",U.S. dollars,Dollars,"See notes for:  Gross domestic product, current prices (National currency).",16117000000,2013,Sub - Saharan Africa,LMICs,1980,ZWE,0.135832808,0.017664211,0.017664211,0.131310332,3400000,5,0.255999994,15967348,FALSE,FALSE,FALSE,FALSE,FALSE,FALSE,FALSE,FALSE,FALSE,FALSE,TRUE,2189217369,284694083.3,284694083.3,2116328617
"Africa, other countries",60,2650404677,-122876548,31915320,66097170,320633621,71987898,12600,4768502085,Africa_other,-25.97348356,,,,,,,,,,,,,LICs,,,,,,,,,,,FALSE,FALSE,FALSE,FALSE,FALSE,FALSE,FALSE,FALSE,FALSE,FALSE,TRUE,,,,
Argentina,343,33395306816,2478635928,1349979368,1049283330,13701763791,3408188178,104461,10002756141,AR,54.46460905,,,,,,"Gross domestic product, current prices",U.S. dollars,Dollars,"See notes for:  Gross domestic product, current prices (National currency).",5.54E+11,2017,Latin America & The Caribbean,UMICs,1980,ARG,0.300863757,0.027911464,0.027911464,0.231954228,0.004597,5,0.349999994,43629437.75,FALSE,TRUE,TRUE,FALSE,FALSE,TRUE,FALSE,FALSE,FALSE,TRUE,TRUE,1.67E+11,15465937803,15465937803,1.29E+11
Aruba,28,611512932,176188233,18581628,13805015,1606215229,-1114324735,805,125946296,AW,10.54646368,,,,,,,,,,2560070665,,Latin America & The Caribbean,Tax haven,1980,ABW,,,,0.225411566,881.64,2,0.262,104555.5,FALSE,FALSE,FALSE,FALSE,FALSE,FALSE,FALSE,FALSE,FALSE,FALSE,TRUE,,,,577069537.7
Bahamas,62,16759006160,21809647343,32313612,35136614,1.06E+11,41451146550,2839,2470306172,BS,0.148162011,,,,,,"Gross domestic product, current prices",U.S. dollars,Dollars,"See notes for:  Gross domestic product, current prices (National currency).",11262000000,2016,Latin America & The Caribbean,Tax haven,1980,BHS,0.151011006,0,,0.151011006,2598,4,0,388900,FALSE,FALSE,FALSE,FALSE,FALSE,FALSE,FALSE,FALSE,FALSE,FALSE,TRUE,1700685950,0,,1700685950
Barbados,129,8677786619,1276913415,21286838,8676103,71614350298,2775352141,403,5465857765,BB,1.667054144,,,,,,"Gross domestic product, current prices",U.S. dollars,Dollars,"See notes for:  Gross domestic product, current prices (National currency).",4764000000,2015,Latin America & The Caribbean,Tax haven,1980,BRB,0.280661322,0.027311467,0.027311467,0.280661322,2036,5,0.25,284579.25,FALSE,FALSE,FALSE,FALSE,FALSE,FALSE,FALSE,FALSE,FALSE,FALSE,TRUE,1337070536,130111830.9,130111830.9,1337070536
Bermuda,229,76159489311,24900464463,477215982,500283411,4.46E+11,4.78E+11,551,11864002163,BM,1.9164943,,,,,,,,,,5850000000,,,Tax haven,,,,,,,,,0,65290,FALSE,FALSE,FALSE,FALSE,FALSE,FALSE,FALSE,FALSE,FALSE,FALSE,TRUE,,,,
Bolivia,51,752227081,17050125,9268278,13953928,315420558,291336223,2925,300862547,BO,54.35900323,,,,,,"Gross domestic product, current prices",U.S. dollars,Dollars,"See notes for:  Gross domestic product, current prices (National currency).",34053000000,2016,Latin America & The Caribbean,LMICs,1980,BOL,0.316128003,0.054539656,,0.316128003,0.111259202,4,0.25,10806586.5,FALSE,FALSE,TRUE,FALSE,FALSE,FALSE,FALSE,FALSE,FALSE,FALSE,TRUE,10765106900,1857238890,,10765106900
Brazil,612,1.42E+11,367614245,2378927829,2332561026,1.48E+11,-597268248,532715,57082514840,BR,647.1261278,,,,,,"Gross domestic product, current prices",U.S. dollars,Dollars,"See notes for:  Gross domestic product, current prices (National currency).",1.79E+12,2017,Latin America & The Caribbean,UMICs,1980,BRA,0.342447854,0.028158835,0.028158835,0.231071569,4.50E-06,5,0.340000004,206779096,FALSE,TRUE,TRUE,FALSE,FALSE,TRUE,FALSE,FALSE,FALSE,TRUE,TRUE,6.14E+11,50490649817,50490649817,4.14E+11
British Virgin Islands,124,4766717876,2289784140,17579351,-4125779,46560495661,2974321297,456,831081732,VG,0.767729617,,,,,,,,,,500000000,,,Tax haven,,,,,,,,,0,30389.5,FALSE,FALSE,FALSE,FALSE,FALSE,FALSE,FALSE,FALSE,FALSE,FALSE,TRUE,,,,
Canada,894,3.61E+11,17594992569,4807100894,4340521629,3.61E+11,1.02E+11,761499,1.72E+11,CA,27.3208464,,,,,,"Gross domestic product, current prices",U.S. dollars,Dollars,"See notes for:  Gross domestic product, current prices (National currency).",1.54E+12,2016,North America,High Income,1980,CAN,0.322963606,0.034226252,0.034226252,0.276763301,322747,5,0.263999987,36085137,TRUE,FALSE,FALSE,FALSE,TRUE,TRUE,FALSE,TRUE,TRUE,FALSE,TRUE,4.96E+11,52563581921,52563581921,4.25E+11
Cayman Islands,310,49940432455,23792337111,84746971,98527590,3.27E+11,78663137114,3139,7249281852,KY,0.356194394,,,,,,,,,,3480000000,,,Tax haven,,,,,,,,,0,60364.75,FALSE,FALSE,FALSE,FALSE,FALSE,FALSE,FALSE,FALSE,FALSE,FALSE,TRUE,,,,
Chile,305,28809345090,4252563902,490258676,540898044,36795637708,9169002651,112241,17335298428,CL,11.52854342,,,,,,"Gross domestic product, current prices",U.S. dollars,Dollars,"See notes for:  Gross domestic product, current prices (National currency).",2.50E+11,2017,Latin America & The Caribbean,High Income,1980,CHL,0.173586084,0.042507699,0.041941719,0.170777449,1124320,5,0.226999998,17835239.75,FALSE,FALSE,TRUE,FALSE,TRUE,FALSE,FALSE,FALSE,TRUE,FALSE,TRUE,43397909697,10627264859,10485765383,42695728579
Colombia,299,20301200832,1055406042,730986246,591415961,5966746179,3227451642,73043,7330862160,CO,69.26113902,,,,,,"Gross domestic product, current prices",U.S. dollars,Dollars,"See notes for:  Gross domestic product, current prices (National currency).",2.80E+11,2017,Latin America & The Caribbean,UMICs,1980,COL,0.194001265,,,0.194001265,2190990,3,0.268000001,48434910.5,FALSE,TRUE,TRUE,FALSE,FALSE,FALSE,FALSE,FALSE,FALSE,FALSE,TRUE,54317832170,,,54317832170
Costa Rica,154,9421735629,797307487,135287182,128858861,2247623165,989787415,69844,2790302748,CR,16.96800597,,,,,,"Gross domestic product, current prices",U.S. dollars,Dollars,"See notes for:  Gross domestic product, current prices (National currency).",57810000000,2016,Latin America & The Caribbean,UMICs,1980,CRI,0.135151921,0.028600665,,0.132996904,41442,4,0.300000012,4832117.5,FALSE,FALSE,TRUE,FALSE,FALSE,FALSE,FALSE,FALSE,FALSE,FALSE,TRUE,7813132536,1653404470,,7688551022
Curacao,41,628451612,178546527,9178207,8053635,12082104306,39471280,288,27997583,CW,5.140512758,,,,,,,,,,,,,Tax haven,,,,,,,,,0.242000002,,FALSE,FALSE,FALSE,FALSE,FALSE,FALSE,FALSE,FALSE,FALSE,FALSE,TRUE,,,,
Dominican Republic,92,2796606018,448576814,50881356,57907894,757247411,663967377,26262,1310235914,DO,11.34284127,,,,,,"Gross domestic product, current prices",U.S. dollars,Dollars,"See notes for:  Gross domestic product, current prices (National currency).",71673000000,2016,Latin America & The Caribbean,UMICs,1980,DOM,0.137310799,0.022984589,0.022984589,0.136581535,8672,5,0.276000005,10587506.75,FALSE,FALSE,TRUE,FALSE,FALSE,FALSE,FALSE,FALSE,FALSE,FALSE,TRUE,9841476869,1647374474,1647374474,9789208376
Ecuador,110,3877407697,23713515,106883172,484175488,1210131701,97337447,12904,1306580475,EC,450.7268197,,,,,,"Gross domestic product, current prices",U.S. dollars,Dollars,"See notes for:  Gross domestic product, current prices (National currency).",98614000000,2016,Latin America & The Caribbean,UMICs,1980,ECU,0.14194064,0.01029516,0.01029516,0.14194064,293000,5,0.219999999,16264351.5,FALSE,TRUE,TRUE,FALSE,FALSE,FALSE,FALSE,FALSE,FALSE,FALSE,TRUE,13997334283,1015246901,1015246901,13997334283
El Salvador,77,3537463020,336079832,77111996,65162408,1304523990,190672119,35486,1173554739,SV,22.94454729,,,,,,"Gross domestic product, current prices",U.S. dollars,Dollars,"See notes for:  Gross domestic product, current prices (National currency).",26798000000,2016,Latin America & The Caribbean,LMICs,1980,SLV,0.177902086,0.037286397,0.037286397,0.177902086,3912,5,0.300000012,6329060.5,FALSE,FALSE,TRUE,FALSE,FALSE,FALSE,FALSE,FALSE,FALSE,FALSE,TRUE,4767420112,999200870.8,999200870.8,4767420112
Guatemala,111,4048110549,29906307,75792314,69324681,1182402000,708369807,24583,1005295041,GT,253.4325418,,,,,,"Gross domestic product, current prices",U.S. dollars,Dollars,"See notes for:  Gross domestic product, current prices (National currency).",68763000000,2016,Latin America & The Caribbean,UMICs,1980,GTM,0.107823199,0.035432297,0.035432297,0.103939402,7319,5,0.268000001,16417990,FALSE,TRUE,TRUE,FALSE,FALSE,FALSE,FALSE,FALSE,FALSE,FALSE,TRUE,7414246640,2436431035,2436431035,7147185127
Honduras,66,3687887532,143952893,50776110,42232123,726948224,544734307,55385,836473404,HN,35.27272634,,,,,,"Gross domestic product, current prices",U.S. dollars,Dollars,"See notes for:  Gross domestic product, current prices (National currency).",21644000000,2016,Latin America & The Caribbean,LMICs,1980,HND,0.201852728,0.033815125,0.033815125,0.171784605,6122,5,0.300000006,9036994.75,FALSE,FALSE,TRUE,FALSE,FALSE,FALSE,FALSE,FALSE,FALSE,FALSE,TRUE,4368900443,731894567.9,731894567.9,3718105984
Jamaica,41,381275676,59665571,12630558,11134562,110115457,103426637,8675,83664227,JM,21.16892169,,,,,,"Gross domestic product, current prices",U.S. dollars,Dollars,"See notes for:  Gross domestic product, current prices (National currency).",14002000000,2016,Latin America & The Caribbean,UMICs,1980,JAM,0.25788199,0.032362357,0.032362357,0.25788199,4565,5,0.25,2876418.75,FALSE,FALSE,TRUE,FALSE,FALSE,FALSE,FALSE,FALSE,FALSE,FALSE,TRUE,3610863627,453137723.2,453137723.2,3610863627
Mexico,678,1.66E+11,9844032119,4489555950,3731115333,99182851698,81038736827,975451,52921399083,MX,45.60688035,,,,,,"Gross domestic product, current prices",U.S. dollars,Dollars,"See notes for:  Gross domestic product, current prices (National currency).",1.08E+12,2016,Latin America & The Caribbean,UMICs,1980,MEX,,0.035088946,0.034891439,0.13042602,5245,4,0.300000012,126704062,FALSE,TRUE,FALSE,FALSE,TRUE,TRUE,FALSE,FALSE,TRUE,FALSE,TRUE,,37787776868,37575078733,1.40E+11
Nicaragua,40,1361538707,70998583,25576558,21202620,134059237,204795399,8535,385901850,NI,36.02404009,,,,,,"Gross domestic product, current prices",U.S. dollars,Dollars,"See notes for:  Gross domestic product, current prices (National currency).",13230000000,2016,Latin America & The Caribbean,LMICs,1980,NIC,0.238005562,0,0,0.180510653,4.16E-06,5,0.300000012,6115885.25,FALSE,FALSE,TRUE,FALSE,FALSE,FALSE,FALSE,FALSE,FALSE,FALSE,TRUE,3148813587,0,0,2388155944
Panama,161,12577510208,881129416,63744904,68517685,4579782080,2504331512,9931,2964721512,PA,7.234454195,,,,,,"Gross domestic product, current prices",U.S. dollars,Dollars,"See notes for:  Gross domestic product, current prices (National currency).",57821000000,2017,Latin America & The Caribbean,Tax haven,1980,PAN,0.148925888,,,0.091341211,4039,3,0.25,4001485.25,FALSE,FALSE,TRUE,FALSE,FALSE,FALSE,FALSE,FALSE,FALSE,FALSE,TRUE,8611043762,,,5281440174
Paraguay,41,1792008666,90949759,15070809,10186047,304719403,660309824,2059,709335933,PY,16.57047711,,,,,,"Gross domestic product, current prices",U.S. dollars,Dollars,"See notes for:  Gross domestic product, current prices (National currency).",27424000000,2016,Latin America & The Caribbean,UMICs,1980,PRY,0.110130652,0.02210674,0.02210674,0.099139718,515946,5,0.100000001,6682077,FALSE,FALSE,TRUE,FALSE,FALSE,FALSE,FALSE,FALSE,FALSE,FALSE,TRUE,3020223014,606255246.4,606255246.4,2718807615
Peru,205,11608709632,481912962,679711941,539088489,7463296216,9604156800,36643,13445986419,PE,141.0445443,,,,,,"Gross domestic product, current prices",U.S. dollars,Dollars,"See notes for:  Gross domestic product, current prices (National currency).",1.95E+11,2017,Latin America & The Caribbean,UMICs,1980,PER,0.129915451,0.034010065,,0.129915451,0.0051,4,0.299000007,31572337.25,FALSE,TRUE,TRUE,FALSE,FALSE,FALSE,FALSE,FALSE,FALSE,FALSE,TRUE,25389636418,6646655023,,25389636418
Puerto Rico,259,97835614361,38925940317,604667335,419653604,26006428036,99764667958,66326,16379377113,PR,1.553378878,,,,,,"Gross domestic product, current prices",U.S. dollars,Dollars,"See notes for:  Gross domestic product, current prices (National currency).",1.05E+11,2016,,Tax haven,,,,,,,,,0.389999986,3437937,FALSE,FALSE,FALSE,FALSE,FALSE,FALSE,FALSE,FALSE,FALSE,FALSE,TRUE,,,,
St. Kitts and Nevis,16,185565397,66165643,4726756,4698914,518604533,3070749885,916,274350380,KN,7.143822361,,,,,,"Gross domestic product, current prices",U.S. dollars,Dollars,"See notes for:  Gross domestic product, current prices (National currency).",900000000,2016,Latin America & The Caribbean,Tax haven,1980,KNA,0.185560119,0.025429425,0.025429425,0.185560119,156,5,0.330000013,54548.25,FALSE,FALSE,FALSE,FALSE,FALSE,FALSE,FALSE,FALSE,FALSE,FALSE,TRUE,167004107.5,22886482.45,22886482.45,167004107.5
St. Lucia Island,24,120092757,55876008,1066480,1324657,219197823,157940754,292,177639389,LC,1.908654605,,,,,,"Gross domestic product, current prices",U.S. dollars,Dollars,"See notes for:  Gross domestic product, current prices (National currency).",1643000000,2016,Latin America & The Caribbean,Tax haven,1980,LCA,0.208758372,0.020736734,0.020736734,0.208758372,411,5,0.300000012,177621.5,FALSE,FALSE,FALSE,FALSE,FALSE,FALSE,FALSE,FALSE,FALSE,FALSE,TRUE,342990005.2,34070453.37,34070453.37,342990005.2
Trinidad and Tobago,67,1740047238,-349382469,200568492,62162918,1321377609,2666087101,4133,1196705883,TT,-57.4065701,,,,,,"Gross domestic product, current prices",U.S. dollars,Dollars,"See notes for:  Gross domestic product, current prices (National currency).",22296000000,2016,Latin America & The Caribbean,Tax haven,1980,TTO,,,,,15224,1,0.25,1362168,FALSE,TRUE,TRUE,FALSE,FALSE,FALSE,FALSE,FALSE,FALSE,FALSE,TRUE,,,,
Uruguay,117,3868144645,921603068,27940455,33967610,1776819178,1595429299,6116,699235502,UY,3.031723306,,,,,,"Gross domestic product, current prices",U.S. dollars,Dollars,"See notes for:  Gross domestic product, current prices (National currency).",52420000000,2016,Latin America & The Caribbean,High Income,1980,URY,0.342290759,0.027174065,0.027174065,0.237092357,102,5,0.25,3437963.5,FALSE,FALSE,TRUE,FALSE,FALSE,FALSE,FALSE,FALSE,FALSE,FALSE,TRUE,17942881572,1424464477,1424464477,12428381354
Venezuela,148,2055111547,-3216948409,32530688,30403789,3213052404,-4871518708,22807,2420589076,VE,-1.011228154,,,,,,"Gross domestic product, current prices",U.S. dollars,Dollars,"See notes for:  Gross domestic product, current prices (National currency).",2.36E+11,2016,Latin America & The Caribbean,UMICs,1980,VEN,0.202791049,0.007864773,0,0.202791049,300,5,0.340000004,31359689,FALSE,TRUE,TRUE,FALSE,FALSE,FALSE,FALSE,FALSE,FALSE,FALSE,TRUE,47882211276,1856998832,0,47882211276
Virgin Islands,52,461725718,18881793,9519816,8457088,1080481515,-1213188105,1538,493611386,VI,50.41796613,,,,,,,,,,3173680264,,,Tax haven,,,,,,,,,0,107593,FALSE,FALSE,FALSE,FALSE,FALSE,FALSE,FALSE,FALSE,FALSE,FALSE,TRUE,,,,
"Americas, other countries",60,3236276102,-6209700,56171581,74999929,1428874224,243803096,2062,1282229537,Americas_other,-904.578015,,,,,,,,,,,,,UMICs,,,,,,,,,,,FALSE,FALSE,FALSE,FALSE,FALSE,FALSE,FALSE,FALSE,FALSE,FALSE,TRUE,,,,
Armenia,15,34405746,352205,365936,310814,2670972,-884316,425,4117372,AM,103.8985818,,,,,,"Gross domestic product, current prices",U.S. dollars,Dollars,"See notes for:  Gross domestic product, current prices (National currency).",10572000000,2016,Europe & Central Asia,UMICs,1990,ARM,0.20985285,0.027810637,0.027810637,0.179603189,50,5,0.200000003,2919609,FALSE,FALSE,FALSE,FALSE,FALSE,FALSE,FALSE,FALSE,FALSE,FALSE,TRUE,2218564330,294014059,294014059,1898764911
Australia,626,1.14E+11,2494829871,2690171158,2333158928,2.54E+11,28643687022,243078,1.06E+11,AU,107.829844,,,,,,"Gross domestic product, current prices",U.S. dollars,Dollars,"See notes for:  Gross domestic product, current prices (National currency).",1.26E+12,2017,East Asia & Pacific,High Income,1980,AUS,0.285785197,0.047073664,0.047073664,0.285785197,142708,5,0.300000012,24041166,FALSE,FALSE,FALSE,FALSE,TRUE,TRUE,FALSE,FALSE,TRUE,FALSE,TRUE,3.62E+11,59545549400,59545549400,3.62E+11
Azerbaijan,34,1408780229,-123259223,74114744,88391374,274409949,507587238,1707,2672316474,AZ,-60.12916697,,,,,,"Gross domestic product, current prices",U.S. dollars,Dollars,"See notes for:  Gross domestic product, current prices (National currency).",37810000000,2016,Europe & Central Asia,UMICs,1990,AZE,0.165060684,0.04065833,,0.156289077,0,4,0.200000003,9701165.25,FALSE,FALSE,FALSE,FALSE,FALSE,FALSE,FALSE,FALSE,FALSE,FALSE,TRUE,6240944465,1537291467,,5909289996
Bahrain,55,1421750519,223157878,7131890,6387676,1261724364,-886150119,3630,387145605,BH,3.195894343,,,,,,"Gross domestic product, current prices",U.S. dollars,Dollars,"See notes for:  Gross domestic product, current prices (National currency).",32176000000,2016,Middle East & North Africa,High Income,1980,BHR,0.010698815,0.001293012,,0.010698815,1270,4,0,1406501.75,FALSE,FALSE,FALSE,FALSE,FALSE,FALSE,FALSE,FALSE,FALSE,FALSE,TRUE,344245067.4,41603949.33,,344245067.4
Bangladesh,46,1294792118,431316960,164242813,163423354,70571531,86964218,3448,1645978529,BD,38.0793774,,,,,,"Gross domestic product, current prices",U.S. dollars,Dollars,"See notes for:  Gross domestic product, current prices (National currency).",2.36E+11,2016,South Asia,LMICs,1980,BGD,0.081908388,0.016350831,0.016350831,0.081908388,349757,5,0.260000002,162056869,FALSE,FALSE,FALSE,FALSE,FALSE,FALSE,FALSE,FALSE,FALSE,FALSE,TRUE,19299500080,3852631858,3852631858,19299500080
Brunei,24,193458292,-591701,5073988,3786609,46243112,-83090481,450,152139797,BN,-857.525676,,,,,,"Gross domestic product, current prices",U.S. dollars,Dollars,"See notes for:  Gross domestic product, current prices (National currency).",11399000000,2016,East Asia & Pacific,High Income,1980,BRN,,,,,10554,1,0.185000002,420284.75,FALSE,FALSE,FALSE,FALSE,FALSE,FALSE,FALSE,FALSE,FALSE,FALSE,TRUE,,,,
Burma,22,339823137,25001023,7347504,6703894,70518545,-19467656,1838,489433895,MM,29.38881341,,,,,,"Gross domestic product, current prices",U.S. dollars,Dollars,"See notes for:  Gross domestic product, current prices (National currency).",63251000000,2017,East Asia & Pacific,LMICs,1980,MMR,0.066943048,,,0.065936285,41274,3,0.25,52645920.75,FALSE,FALSE,TRUE,FALSE,FALSE,FALSE,FALSE,FALSE,FALSE,FALSE,TRUE,4234214727,,,4170535945
Cambodia,22,318322883,26541819,6337670,8193926,86362869,111098776,2187,273351900,KH,23.87805448,,,,,,"Gross domestic product, current prices",U.S. dollars,Dollars,"See notes for:  Gross domestic product, current prices (National currency).",20157000000,2016,East Asia & Pacific,LMICs,1980,KHM,0.157764401,0.030774079,,0.157764401,10148.66,4,0.200000003,15639042,FALSE,FALSE,TRUE,FALSE,FALSE,FALSE,FALSE,FALSE,FALSE,FALSE,TRUE,3180057035,620313116.7,,3180057035
China,740,2.54E+11,19083105379,5029773987,4744238082,68027434479,36564688561,1055018,68076364837,CN,26.3572091,,,,,,"Gross domestic product, current prices",U.S. dollars,Dollars,"See notes for:  Gross domestic product, current prices (National currency).",1.12E+13,2017,East Asia & Pacific,UMICs,1980,CHN,0.237903543,0.038693812,0.038693812,0.188979676,457529,5,0.25,1375137500,FALSE,TRUE,FALSE,FALSE,FALSE,TRUE,FALSE,FALSE,FALSE,TRUE,TRUE,2.67E+12,4.34E+11,4.34E+11,2.12E+12
Fiji,18,348107491,18984874,3467002,3420069,43544150,71985362,2450,316302537,FJ,18.26191736,,,,,,"Gross domestic product, current prices",U.S. dollars,Dollars,"See notes for:  Gross domestic product, current prices (National currency).",4666000000,2017,East Asia & Pacific,UMICs,1980,FJI,0.270386967,0.044209735,0.044209735,0.270386967,1007,5,0.200000003,895554.25,FALSE,FALSE,FALSE,FALSE,FALSE,FALSE,FALSE,FALSE,FALSE,FALSE,TRUE,1261625587,206282623.7,206282623.7,1261625587
Georgia,19,195246772,31141377,990287,294790,16897635,-23832303,487,11393415,GE,3.179971778,,,,,,"Gross domestic product, current prices",U.S. dollars,Dollars,"See notes for:  Gross domestic product, current prices (National currency).",14330000000,2016,Europe & Central Asia,UMICs,1980,GEO,0.258379792,0.019991016,0.019991016,0.258379792,0.01127,5,0.150000006,3720125,FALSE,FALSE,FALSE,FALSE,FALSE,FALSE,FALSE,FALSE,FALSE,FALSE,TRUE,3702582424,286471265.9,286471265.9,3702582424
Guam,43,798897605,74599310,18347355,12374401,94275066,244693548,1160,144706237,GU,24.59453713,,,,,,,,,,5210652786,,,Tax haven,,,,,,,,,0.349999994,162472.25,FALSE,FALSE,FALSE,FALSE,FALSE,FALSE,FALSE,FALSE,FALSE,FALSE,TRUE,,,,
Hong Kong,664,1.38E+11,9714415363,1584539008,1341963513,76521598406,60143571233,85285,10007344640,HK,16.31121327,,,,,,"Gross domestic product, current prices",U.S. dollars,Dollars,"See notes for:  Gross domestic product, current prices (National currency).",3.21E+11,2017,East Asia & Pacific,Tax haven,1980,HKG,0.135749331,0.055688945,0.055688945,0.135749331,143620,5,0.165000007,7312275,FALSE,FALSE,FALSE,FALSE,FALSE,FALSE,FALSE,FALSE,FALSE,FALSE,TRUE,43559381238,17869524335,17869524335,43559381238
India,593,81409361689,12030857911,4081899807,3184674490,57655322542,42392106193,1149992,22758226193,IN,33.92858462,,,,,,"Gross domestic product, current prices",U.S. dollars,Dollars,"See notes for:  Gross domestic product, current prices (National currency).",2.27E+12,2017,South Asia,LMICs,1980,IND,0.175752191,,,,1426470,2,0.33440001,1316566189,FALSE,TRUE,TRUE,FALSE,FALSE,TRUE,FALSE,FALSE,FALSE,TRUE,TRUE,4.00E+11,,,
Indonesia,229,17791688222,3293646023,970864074,969879646,6511358934,8035735526,67669,19616266145,ID,29.47687964,,,,,,"Gross domestic product, current prices",U.S. dollars,Dollars,"See notes for:  Gross domestic product, current prices (National currency).",9.32E+11,2017,East Asia & Pacific,LMICs,1980,IDN,0.098791927,0.038361206,,0.098791927,65385620,4,0.25,259600016,FALSE,FALSE,TRUE,FALSE,FALSE,TRUE,FALSE,FALSE,FALSE,TRUE,TRUE,92118038247,35769714392,,92118038247
Iraq,30,2149381227,-154333362,76951528,26707284,1092177550,-279848365,3961,1883254230,IQ,-49.86059203,,,,,,"Gross domestic product, current prices",U.S. dollars,Dollars,"See notes for:  Gross domestic product, current prices (National currency).",1.72E+11,2016,Middle East & North Africa,UMICs,1980,IRQ,,,,,15770.7,1,0.150000006,36649729.75,FALSE,FALSE,TRUE,FALSE,FALSE,FALSE,FALSE,FALSE,FALSE,FALSE,TRUE,,,,
Israel,215,16277827236,2482014026,719397062,475804255,20357986287,17184065103,43835,7953171610,IL,28.9844076,,,,,,"Gross domestic product, current prices",U.S. dollars,Dollars,"See notes for:  Gross domestic product, current prices (National currency).",3.18E+11,2017,Middle East & North Africa,High Income,1980,ISR,0.325068331,0.032957432,0.032957432,0.272549989,122,5,0.250999996,8463550,FALSE,FALSE,FALSE,FALSE,TRUE,FALSE,FALSE,FALSE,TRUE,FALSE,TRUE,1.03E+11,10472158077,10472158077,86602214027
Japan,537,2.04E+11,25952355940,6649845321,6048876259,64439444261,62957153318,310802,34002150139,JP,25.6232819,,,,,,"Gross domestic product, current prices",U.S. dollars,Dollars,"See notes for:  Gross domestic product, current prices (National currency).",4.95E+12,2017,East Asia & Pacific,High Income,1980,JPN,0.320036065,0.044958743,0.044958743,0.189884833,249345149,5,0.338459998,127049327,TRUE,FALSE,FALSE,FALSE,TRUE,TRUE,FALSE,TRUE,TRUE,FALSE,TRUE,1.58E+12,2.23E+11,2.23E+11,9.40E+11
Jordan,32,1050671937,228208366,11901479,15020914,234563227,387933248,2042,870253399,JO,5.215180849,,,,,,"Gross domestic product, current prices",U.S. dollars,Dollars,"See notes for:  Gross domestic product, current prices (National currency).",38709000000,2016,Middle East & North Africa,UMICs,1980,JOR,0.150672941,0.025692835,0.025692835,0.150271598,1165,5,0.176000002,9281690.75,FALSE,FALSE,TRUE,FALSE,FALSE,FALSE,FALSE,FALSE,FALSE,FALSE,TRUE,5832398855,994543936.6,994543936.6,5816863291
Kazakhstan,77,1994144374,513976024,192066720,186646944,11700065753,4789477813,5062,12539569861,KZ,37.36880925,,,,,,"Gross domestic product, current prices",U.S. dollars,Dollars,"See notes for:  Gross domestic product, current prices (National currency).",1.34E+11,2016,Europe & Central Asia,UMICs,1990,KAZ,0.165947036,,,,93,2,0.200000003,17665698,FALSE,FALSE,FALSE,FALSE,FALSE,FALSE,FALSE,FALSE,FALSE,FALSE,TRUE,22181808348,,,
"Korea, Republic of (South)",441,54792189442,4403769577,1351490454,916982545,19204074625,28755660283,111232,17022570379,KR,30.68939985,,,,,,"Gross domestic product, current prices",U.S. dollars,Dollars,"See notes for:  Gross domestic product, current prices (National currency).",1.41E+12,2017,East Asia & Pacific,High Income,1980,KOR,0.268995826,0.038314294,0.038314294,0.199834882,39471400,5,0.237600011,51118378.5,FALSE,FALSE,FALSE,FALSE,TRUE,TRUE,FALSE,FALSE,TRUE,FALSE,TRUE,3.80E+11,54063077466,54063077466,2.82E+11
Kuwait,37,1548801814,179829741,35833076,21506636,221650369,595941220,3078,453202466,KW,19.92611222,,,,,,"Gross domestic product, current prices",U.S. dollars,Dollars,"See notes for:  Gross domestic product, current prices (National currency).",1.11E+11,2016,Middle East & North Africa,High Income,1980,KWT,0.016546703,,,0.016546703,7764,3,0,3976839,FALSE,FALSE,TRUE,FALSE,FALSE,FALSE,FALSE,FALSE,FALSE,FALSE,TRUE,1834582609,,,1834582609
Lebanon,42,311433385,62190391,8885995,10260887,89545056,-33380823,845,16665164,LB,14.28837294,,,,,,"Gross domestic product, current prices",U.S. dollars,Dollars,"See notes for:  Gross domestic product, current prices (National currency).",49611000000,2013,Middle East & North Africa,UMICs,1980,LBN,0.155295843,,,0.152545603,14000,3,0.150000006,5885945.75,FALSE,TRUE,TRUE,FALSE,FALSE,FALSE,FALSE,FALSE,FALSE,FALSE,TRUE,7704382072,,,7567939903
Macau,55,9802667938,1528014481,7907371,7570485,2712981647,3821775009,29073,8835830654,MO,0.517493198,,,,,,"Gross domestic product, current prices",U.S. dollars,Dollars,"See notes for:  Gross domestic product, current prices (National currency).",45368000000,2016,East Asia & Pacific,Tax haven,1980,MAC,0.281588747,0.01382609,0.01382609,0.281588747,5001,5,0.119999997,606114.25,FALSE,FALSE,FALSE,FALSE,FALSE,FALSE,FALSE,FALSE,FALSE,FALSE,TRUE,12775118296,627262048.2,627262048.2,12775118296
Malaysia,379,39254922307,3113577744,451198617,497610547,12491658943,13612195844,147613,17430463906,MY,14.4913233,,,,,,"Gross domestic product, current prices",U.S. dollars,Dollars,"See notes for:  Gross domestic product, current prices (National currency).",2.97E+11,2017,East Asia & Pacific,UMICs,1980,MYS,0.13756324,0.058526019,,0.13756324,57430,4,0.243999997,30940675.25,FALSE,FALSE,TRUE,FALSE,FALSE,FALSE,FALSE,FALSE,FALSE,FALSE,TRUE,40792453008,17355071592,,40792453008
New Zealand,329,11765552298,910874325,252283095,241411875,5325868588,2181575894,26473,2950381362,NZ,27.69680603,,,,,,"Gross domestic product, current prices",U.S. dollars,Dollars,"See notes for:  Gross domestic product, current prices (National currency).",1.85E+11,2017,East Asia & Pacific,High Income,1980,NZL,0.328300213,0.048413769,0.048413769,0.328300213,23117,5,0.280000001,4648125,FALSE,FALSE,FALSE,FALSE,TRUE,FALSE,FALSE,FALSE,TRUE,FALSE,TRUE,60860293471,8974944429,8974944429,60860293471
Oman,43,2066175218,-382713894,174030150,168286982,453406368,3236188326,5907,2345015932,OM,-45.47265013,,,,,,"Gross domestic product, current prices",U.S. dollars,Dollars,"See notes for:  Gross domestic product, current prices (National currency).",66824000000,2015,Middle East & North Africa,High Income,1980,OMN,0.02528637,0.013012907,,0.02528637,2191,4,0.125999999,4305439.75,FALSE,FALSE,FALSE,FALSE,FALSE,FALSE,FALSE,FALSE,FALSE,FALSE,TRUE,1689736375,869574515.6,,1689736375
Pakistan,65,2231538611,428443080,161495874,103295711,346491413,762208104,9957,718431512,PK,37.6936591,,,,,,"Gross domestic product, current prices",U.S. dollars,Dollars,"See notes for:  Gross domestic product, current prices (National currency).",2.79E+11,2016,South Asia,LMICs,1980,PAK,0.099883566,,,0.099883566,306285,3,0.330000001,191286550.3,FALSE,TRUE,TRUE,FALSE,FALSE,FALSE,FALSE,FALSE,FALSE,FALSE,TRUE,27858825095,,,27858825095
Papua-New Guinea,27,1444596292,158402548,28320479,15942236,2899122476,-977851661,960,5855905174,PG,17.87880268,,,,,,"Gross domestic product, current prices",U.S. dollars,Dollars,"See notes for:  Gross domestic product, current prices (National currency).",22568000000,2015,East Asia & Pacific,LMICs,1980,PNG,0.139388572,,,0.139388572,2788,3,0.300000012,8002940.75,FALSE,FALSE,FALSE,FALSE,FALSE,FALSE,FALSE,FALSE,FALSE,FALSE,TRUE,3145721284,,,3145721284
Philippines,255,18551669398,1929071577,441498828,430522034,3296717049,4913569063,235692,6525530912,PH,22.8865965,,,,,,"Gross domestic product, current prices",U.S. dollars,Dollars,"See notes for:  Gross domestic product, current prices (National currency).",3.05E+11,2017,East Asia & Pacific,LMICs,1980,PHL,0.142390595,0.037225079,0.037225079,0.142390595,270062,5,0.300000012,102514230,FALSE,TRUE,TRUE,FALSE,FALSE,FALSE,FALSE,FALSE,FALSE,FALSE,TRUE,43415746659,11350149943,11350149943,43415746659
Qatar,76,3680877548,1426132163,610157406,434444579,4785654058,11129802212,4506,4404964077,QA,42.78407162,,,,,,"Gross domestic product, current prices",U.S. dollars,Dollars,"See notes for:  Gross domestic product, current prices (National currency).",1.52E+11,2016,Middle East & North Africa,High Income,1980,QAT,,0.043612713,,,28631,2,0.100000001,2516243.25,FALSE,FALSE,FALSE,FALSE,FALSE,FALSE,FALSE,FALSE,FALSE,FALSE,TRUE,,6649586667,,
Saudi Arabia,140,11366789052,753474801,315802465,263506800,1326012721,3975197518,31851,5438219997,SA,41.91281043,,,,,,"Gross domestic product, current prices",U.S. dollars,Dollars,"See notes for:  Gross domestic product, current prices (National currency).",6.45E+11,2016,Middle East & North Africa,Tax haven,1980,SAU,0.033848336,0.005426931,,0.033848336,547381,4,0.200000003,31886941.5,FALSE,FALSE,TRUE,FALSE,FALSE,TRUE,FALSE,FALSE,FALSE,TRUE,TRUE,21829976674,3500018032,,21829976674
Singapore,624,3.09E+11,29040590156,1811693514,2002865363,1.62E+11,96812446828,126190,41745919263,SG,6.238487249,,,,,,"Gross domestic product, current prices",U.S. dollars,Dollars,"See notes for:  Gross domestic product, current prices (National currency).",3.10E+11,2017,East Asia & Pacific,Tax haven,1980,SGP,0.142737449,0.045902591,0.045902591,0.142737449,25863,5,0.170000002,5556065.5,FALSE,FALSE,FALSE,FALSE,FALSE,FALSE,FALSE,FALSE,FALSE,FALSE,TRUE,44213495718,14218511287,14218511287,44213495718
Sri Lanka,46,732654356,66051756,12402132,19048885,163789596,-84521163,3515,102560311,LK,18.77638499,,,,,,"Gross domestic product, current prices",U.S. dollars,Dollars,"See notes for:  Gross domestic product, current prices (National currency).",80978000000,2017,South Asia,UMICs,1980,LKA,0.127136875,0.013335395,0.013335395,0.125414271,83073,5,0.254000002,21096000,FALSE,TRUE,TRUE,FALSE,FALSE,FALSE,FALSE,FALSE,FALSE,FALSE,TRUE,10295289857,1079873613,1079873613,10155796852
Taiwan,342,31413923822,2818344176,508014233,535051001,8288453698,5339229233,82295,8625486269,TW,18.02527304,,,,,,"Gross domestic product, current prices",U.S. dollars,Dollars,"See notes for:  Gross domestic product, current prices (National currency).",5.31E+11,2016,,High Income,,,,,,,,,0.170000002,23577271,FALSE,FALSE,FALSE,FALSE,FALSE,FALSE,FALSE,FALSE,FALSE,FALSE,TRUE,,,,
Thailand,323,46179492645,4676128460,796209467,782048039,7580679303,6629339279,136602,17281122577,TH,17.02710851,,,,,,"Gross domestic product, current prices",U.S. dollars,Dollars,"See notes for:  Gross domestic product, current prices (National currency).",4.12E+11,2017,East Asia & Pacific,UMICs,1980,THA,0.173014571,0.039983688,0.039983688,0.163081322,684362,5,0.200000003,68743849.75,FALSE,FALSE,TRUE,FALSE,FALSE,FALSE,FALSE,FALSE,FALSE,FALSE,TRUE,71255532012,16467162037,16467162037,67164553110
United Arab Emirates,356,28633908563,3300031181,1530819563,1668956333,5702338104,5164835041,38222,11203581506,AE,46.3880333,,,,,,"Gross domestic product, current prices",U.S. dollars,Dollars,"See notes for:  Gross domestic product, current prices (National currency).",3.49E+11,2016,Middle East & North Africa,Tax haven,1980,ARE,0.121849667,,,0.118575669,149832,3,0.550000012,9223731.5,FALSE,FALSE,FALSE,FALSE,FALSE,FALSE,FALSE,FALSE,FALSE,FALSE,TRUE,42494218262,,,41352434360
Vietnam,144,7037112654,591519943,104355320,100016425,2860303547,97275433,49428,2178540324,VN,17.64189377,,,,,,"Gross domestic product, current prices",U.S. dollars,Dollars,"See notes for:  Gross domestic product, current prices (National currency).",2.01E+11,2017,East Asia & Pacific,LMICs,1980,VNM,0.187376067,0.038154402,0.032161564,0.187376067,5713,5,0.222,94056588.5,FALSE,FALSE,TRUE,FALSE,FALSE,FALSE,FALSE,FALSE,FALSE,FALSE,TRUE,37720488719,7680824462,6474412243,37720488719
"Asia & Oceania, other countries",74,1356756223,200092948,26833499,22072237,1029861227,628445235,7509,636350428,Asia_other,13.4105171,,,,,,,,,,,,,UMICs,,,,,,,,,,,FALSE,FALSE,FALSE,FALSE,FALSE,FALSE,FALSE,FALSE,FALSE,FALSE,TRUE,,,,
Albania,13,23890890,2550835,1582888,878257,2078530,4881319,347,15881193,AL,62.05371966,,,,,,"Gross domestic product, current prices",U.S. dollars,Dollars,"See notes for:  Gross domestic product, current prices (National currency).",11865000000,2016,Europe & Central Asia,UMICs,1980,ALB,0.252744618,0.022756997,0.022756997,0.197852158,18489,5,0.140000005,2879841.25,FALSE,FALSE,FALSE,FALSE,FALSE,FALSE,FALSE,FALSE,FALSE,FALSE,TRUE,2998814894,270011767.9,270011767.9,2347515857
Austria,295,17017683903,685153617,254785530,516762142,8829755974,18361786882,26312,3612645597,AT,37.18662847,,,,,,"Gross domestic product, current prices",U.S. dollars,Dollars,"See notes for:  Gross domestic product, current prices (National currency).",3.91E+11,2016,Europe & Central Asia,High Income,1980,AUT,0.417503216,0.024656731,0.024656731,0.272093207,75980,5,0.25,8683733.75,FALSE,FALSE,FALSE,TRUE,TRUE,FALSE,FALSE,FALSE,TRUE,FALSE,TRUE,1.63E+11,9639820060,9639820060,1.06E+11
Belarus,23,158757553,12202232,2255706,2639512,32647246,16651463,1056,41582755,BY,18.48601141,,,,,,"Gross domestic product, current prices",U.S. dollars,Dollars,"See notes for:  Gross domestic product, current prices (National currency).",47703000000,2016,Europe & Central Asia,UMICs,1990,BLR,0.345720561,0.030108079,0.030108079,0.241660397,4,5,0.180000007,9493384,FALSE,FALSE,FALSE,FALSE,FALSE,FALSE,FALSE,FALSE,FALSE,FALSE,TRUE,16491907898,1436245672,1436245672,11527925936
Belgium,446,1.26E+11,6445817668,1138015428,1096578372,75773838241,47695827029,90847,36494154580,BE,17.65509803,,,,,,"Gross domestic product, current prices",U.S. dollars,Dollars,"See notes for:  Gross domestic product, current prices (National currency).",4.68E+11,2016,Europe & Central Asia,High Income,1980,BEL,0.444100826,0.041248551,0.041248551,0.308862484,89853,5,0.339900017,11296685.75,FALSE,FALSE,FALSE,TRUE,TRUE,FALSE,FALSE,FALSE,TRUE,FALSE,TRUE,2.08E+11,19310426587,19310426587,1.45E+11
Bosnia-Herzegovina,19,93655683,12453334,1064826,1663089,30185742,26732633,465,12356625,BA,8.550529521,,,,,,"Gross domestic product, current prices",U.S. dollars,Dollars,"See notes for:  Gross domestic product, current prices (National currency).",16917000000,2016,Europe & Central Asia,UMICs,1990,BIH,0.376952489,0.017732881,0.017732881,0.22680239,1,5,0.100000001,3531449,FALSE,FALSE,FALSE,FALSE,FALSE,FALSE,FALSE,FALSE,FALSE,FALSE,TRUE,6376905262,299987147.6,299987147.6,3836816030
Bulgaria,99,2484572936,207567448,17729164,15055955,1320292707,361557606,14648,1499879354,BG,8.541399035,,,,,,"Gross domestic product, current prices",U.S. dollars,Dollars,"See notes for:  Gross domestic product, current prices (National currency).",53236000000,2016,Europe & Central Asia,UMICs,1980,BGR,0.293705591,0.022710361,0.022710361,0.210012876,25,5,0.100000001,7151435.5,FALSE,FALSE,FALSE,TRUE,FALSE,FALSE,FALSE,FALSE,FALSE,FALSE,TRUE,15635710826,1209008775,1209008775,11180245451
Croatia,77,709007366,77213871,16272910,17654779,923637763,135633094,3814,225501342,HR,21.07511227,,,,,,"Gross domestic product, current prices",U.S. dollars,Dollars,"See notes for:  Gross domestic product, current prices (National currency).",51350000000,2016,Europe & Central Asia,High Income,1990,HRV,0.351630448,0.017063613,0.017063613,0.225860231,334,5,0.200000003,4185510.5,FALSE,FALSE,FALSE,FALSE,FALSE,FALSE,FALSE,FALSE,FALSE,FALSE,TRUE,18056223503,876216512.2,876216512.2,11597922872
Cyprus,94,1031617602,1523091385,15558350,7005999,83967346511,34046566907,1542,213194338,CY,1.021498129,,,,,,"Gross domestic product, current prices",U.S. dollars,Dollars,"See notes for:  Gross domestic product, current prices (National currency).",20055000000,2016,Europe & Central Asia,Tax haven,1980,CYP,0.24526439,0.056516871,0.056516871,0.24526439,1395,5,0.125,1165742.5,FALSE,FALSE,FALSE,TRUE,FALSE,FALSE,FALSE,FALSE,FALSE,FALSE,TRUE,4918777342,1133445850,1133445850,4918777342
Czech Republic,289,13940665283,942546574,156186816,154452276,5271135783,2097058627,77576,3811102679,CZ,16.57072662,,,,,,"Gross domestic product, current prices",U.S. dollars,Dollars,"See notes for:  Gross domestic product, current prices (National currency).",1.95E+11,2017,Europe & Central Asia,High Income,1990,CZE,0.34878257,0.037033868,0.037033868,0.198764243,723790.37,5,0.189999998,10557265.25,FALSE,FALSE,FALSE,TRUE,TRUE,FALSE,FALSE,FALSE,TRUE,FALSE,TRUE,68118979753,7232899631,7232899631,38819650449
Denmark,311,15740377235,980305398,513048727,424186377,62868810124,9953498438,29025,4820869344,DK,52.33560154,,,,,,"Gross domestic product, current prices",U.S. dollars,Dollars,"See notes for:  Gross domestic product, current prices (National currency).",3.07E+11,2017,Europe & Central Asia,High Income,1980,DNK,0.453817095,0.030005845,0.030005845,0.453333499,400867,5,0.231,5706142.75,FALSE,FALSE,FALSE,TRUE,TRUE,FALSE,FALSE,FALSE,TRUE,FALSE,TRUE,1.39E+11,9208793856,9208793856,1.39E+11
Estonia,64,523413346,52655331,11071541,9964955,155449354,220350822,3648,131652601,EE,21.0264389,,,,,,"Gross domestic product, current prices",U.S. dollars,Dollars,"See notes for:  Gross domestic product, current prices (National currency).",23348000000,2017,Europe & Central Asia,High Income,1990,EST,0.329666737,0.015479568,0.015479568,0.218034724,51,5,0.203999999,1315305.5,FALSE,FALSE,FALSE,TRUE,TRUE,FALSE,FALSE,FALSE,TRUE,FALSE,TRUE,7697058981,361416955.3,361416955.3,5090674729
Finland,259,9993461200,851290902,108176337,110878353,6410388113,-5057991337,18452,3884519403,FI,12.70732916,,,,,,"Gross domestic product, current prices",U.S. dollars,Dollars,"See notes for:  Gross domestic product, current prices (National currency).",2.39E+11,2017,Europe & Central Asia,High Income,1980,FIN,0.433305195,0.027365751,0.027365751,0.312408159,33682,5,0.209000003,5486912.25,FALSE,FALSE,FALSE,TRUE,TRUE,FALSE,FALSE,FALSE,TRUE,FALSE,TRUE,1.03E+11,6534284466,6534284466,74595570634
France,617,1.59E+11,4795899326,2249758754,2181309400,1.30E+11,25544654121,309741,39017675048,FR,46.91004963,,,,,,"Gross domestic product, current prices",U.S. dollars,Dollars,"See notes for:  Gross domestic product, current prices (National currency).",2.47E+12,2017,Europe & Central Asia,High Income,1980,FRA,0.462311549,0.023451987,0.023451987,0.294011255,451770,5,0.33324002,66721968.5,TRUE,FALSE,FALSE,TRUE,TRUE,TRUE,FALSE,TRUE,TRUE,FALSE,TRUE,1.14E+12,57843670219,57843670219,7.25E+11
Germany,698,2.99E+11,11109546045,3963787350,3213273634,2.44E+11,20078860111,500806,59742928916,DE,35.67911177,,,,,,"Gross domestic product, current prices",U.S. dollars,Dollars,"See notes for:  Gross domestic product, current prices (National currency).",3.48E+12,2017,Europe & Central Asia,High Income,1980,DEU,0.375443195,0.020120586,0.020120586,0.233177516,789179,5,0.296719998,81928195,TRUE,FALSE,FALSE,TRUE,TRUE,TRUE,FALSE,TRUE,TRUE,FALSE,TRUE,1.31E+12,70004185267,70004185267,8.11E+11
Greece,172,4422121034,276190398,87513447,49989699,2372153583,-351575495,13130,689833407,GR,31.68591219,,,,,,"Gross domestic product, current prices",U.S. dollars,Dollars,"See notes for:  Gross domestic product, current prices (National currency).",1.93E+11,2017,Europe & Central Asia,High Income,1980,GRC,0.388436577,0,0,0.273453612,7110,5,0.277999991,10812422,FALSE,FALSE,FALSE,TRUE,TRUE,FALSE,FALSE,FALSE,TRUE,FALSE,TRUE,74878918912,0,0,52713652735
Guernsey,41,526312179,236390548,6903417,7874153,17476857522,-11779060990,1529,519271304,GG,2.920343922,,,,,,,,,,3470000000,,,Tax haven,,,,,,,,,0,63026,FALSE,FALSE,FALSE,FALSE,FALSE,FALSE,FALSE,FALSE,FALSE,FALSE,TRUE,,,,
Hungary,248,20862766507,6030490241,1278330378,228568927,32400481985,17607833945,70413,4139884439,HU,21.19778537,,,,,,"Gross domestic product, current prices",U.S. dollars,Dollars,"See notes for:  Gross domestic product, current prices (National currency).",1.29E+11,2017,Europe & Central Asia,High Income,1980,HUN,0.375406677,0.01854785,0.01854785,0.24820057,749491,5,0.169999999,9826161.5,FALSE,FALSE,FALSE,TRUE,TRUE,FALSE,FALSE,FALSE,TRUE,FALSE,TRUE,48481519860,2395343498,2395343498,32053614451
Iceland,23,1724367391,-291957971,15270543,8598296,3570682849,-905649683,1944,3625229350,IS,-5.23039085,,,,,,"Gross domestic product, current prices",U.S. dollars,Dollars,"See notes for:  Gross domestic product, current prices (National currency).",20304000000,2017,Europe & Central Asia,High Income,1980,ISL,0.36789971,0.027278122,0.027278122,0.333809226,16477,5,0.200000003,333731,FALSE,FALSE,FALSE,FALSE,TRUE,FALSE,FALSE,FALSE,TRUE,FALSE,TRUE,7469835711,553854996.9,553854996.9,6777662533
Ireland,443,3.47E+11,31390539210,4281307555,4653547858,3.94E+11,2.36E+11,108127,79843197829,IE,13.63884681,,,,,,"Gross domestic product, current prices",U.S. dollars,Dollars,"See notes for:  Gross domestic product, current prices (National currency).",3.04E+11,2017,Europe & Central Asia,Tax haven,1980,IRL,0.228708223,0.027915146,0.027915146,0.189866707,13215,5,0.125,4732160,FALSE,FALSE,FALSE,TRUE,TRUE,FALSE,FALSE,FALSE,TRUE,FALSE,TRUE,69641425050,8500134031,8500134031,57814222438
Italy,535,88553245318,3399820873,1543152998,1141739197,48148288366,13017890116,157598,21227573061,IT,45.38924419,,,,,,"Gross domestic product, current prices",U.S. dollars,Dollars,"See notes for:  Gross domestic product, current prices (National currency).",1.86E+12,2016,Europe & Central Asia,High Income,1980,ITA,0.422058902,0.020895367,0.020895367,0.29362327,213496,5,0.299200007,60674659,TRUE,FALSE,FALSE,TRUE,TRUE,TRUE,FALSE,TRUE,TRUE,FALSE,TRUE,7.85E+11,38868557923,38868557923,5.46E+11
Jersey,74,2329598512,89081267,16759017,11173641,1.37E+11,14773261349,459,2955330407,JE,18.81317763,,,,,,,,,,6000000000,,,Tax haven,,,,,,,,,0.120000002,164145.5,FALSE,FALSE,FALSE,FALSE,FALSE,FALSE,FALSE,FALSE,FALSE,FALSE,TRUE,,,,
Latvia,51,476204081,60399871,2345282,2988888,286004827,-103151265,1314,20203164,LV,3.882925512,,,,,,"Gross domestic product, current prices",U.S. dollars,Dollars,"See notes for:  Gross domestic product, current prices (National currency).",27584000000,2017,Europe & Central Asia,High Income,1980,LVA,0.302049199,0.015809677,0.015809677,0.218471831,40,5,0.150000006,1967896.5,FALSE,FALSE,FALSE,TRUE,TRUE,FALSE,FALSE,FALSE,TRUE,FALSE,TRUE,8331725109,436094132.1,436094132.1,6026326979
Lithuania,69,932721323,121022414,14010512,21637483,207180776,573342183,7269,157580660,LT,11.57679106,,,,,,"Gross domestic product, current prices",U.S. dollars,Dollars,"See notes for:  Gross domestic product, current prices (National currency).",42791000000,2017,Europe & Central Asia,High Income,1990,LTU,0.296058069,0.014956507,0.014956507,0.173584864,134,5,0.150000006,2883307.25,FALSE,FALSE,FALSE,TRUE,TRUE,FALSE,FALSE,FALSE,TRUE,FALSE,TRUE,12668620842,640003904.4,640003904.4,7427869918
Luxembourg,427,79433207170,-2139730125,511520115,538429013,1.43E+12,1.96E+11,11361,36978222443,LU,-23.90582387,,,,,,"Gross domestic product, current prices",U.S. dollars,Dollars,"See notes for:  Gross domestic product, current prices (National currency).",58655000000,2016,Europe & Central Asia,Tax haven,1980,LUX,0.387085553,0.052469574,0.052469574,0.276374437,4676,5,0.287919998,576846.5,FALSE,FALSE,FALSE,TRUE,TRUE,FALSE,FALSE,FALSE,TRUE,FALSE,TRUE,22704503116,3077602892,3077602892,16210742611
Macedonia,15,162616067,7282987,675816,899523,44568808,-7358794,2983,97468808,MK,9.279379463,,,,,,"Gross domestic product, current prices",U.S. dollars,Dollars,"See notes for:  Gross domestic product, current prices (National currency).",10759000000,2017,Europe & Central Asia,UMICs,1990,MKD,0.255433434,0.018488515,0.018488515,0.169640236,506,5,0.100000001,2103721,FALSE,FALSE,FALSE,FALSE,FALSE,FALSE,FALSE,FALSE,FALSE,FALSE,TRUE,2748208317,198917935.3,198917935.3,1825159301
Malta,51,1151758624,133898237,16385078,13607577,21497206396,8920761891,422,26793593,MT,12.23696321,,,,,,"Gross domestic product, current prices",U.S. dollars,Dollars,"See notes for:  Gross domestic product, current prices (National currency).",11278000000,2017,Europe & Central Asia,Tax haven,1980,MLT,0.326998495,0.064746968,0.064746968,0.264766622,1037,5,0.349999994,450064.75,FALSE,FALSE,FALSE,TRUE,FALSE,FALSE,FALSE,FALSE,FALSE,FALSE,TRUE,3687889026,730216301.5,730216301.5,2986037967
Monaco,18,269319603,7473364,3519620,3224933,157118939,-73733004,250,94159212,MC,47.09552485,,,,,,,,,,7110596026,,,Tax haven,,,,,,,,,0.333300024,38408.25,FALSE,FALSE,FALSE,FALSE,FALSE,FALSE,FALSE,FALSE,FALSE,FALSE,TRUE,,,,
Netherlands,738,2.59E+11,37642596844,3061263490,3255593228,1.37E+12,3.88E+11,135788,61983861096,NL,8.132445014,,,,,,"Gross domestic product, current prices",U.S. dollars,Dollars,"See notes for:  Gross domestic product, current prices (National currency).",7.78E+11,2017,Europe & Central Asia,Tax haven,1980,NLD,0.387518859,0.032820115,0.032820115,0.249246996,174271,5,0.25,16992024.75,FALSE,FALSE,FALSE,TRUE,TRUE,FALSE,FALSE,FALSE,TRUE,FALSE,TRUE,3.01E+11,25519214651,25519214651,1.94E+11
Norway,275,24454913568,1082383838,1212821379,1066265643,20671532864,7963632317,32668,18578927866,NO,112.0509505,,,,,,"Gross domestic product, current prices",U.S. dollars,Dollars,"See notes for:  Gross domestic product, current prices (National currency).",3.71E+11,2017,Europe & Central Asia,High Income,1980,NOR,0.387098067,0.034257045,0.021646844,0.280997019,318279,5,0.262000004,5211053.25,FALSE,FALSE,FALSE,FALSE,TRUE,FALSE,FALSE,FALSE,TRUE,FALSE,TRUE,1.44E+11,12711932918,8032602579,1.04E+11
Poland,405,35020725659,1974050436,391441566,311276577,11145947911,4384362832,187607,11219918214,PL,19.82935992,,,,,,"Gross domestic product, current prices",U.S. dollars,Dollars,"See notes for:  Gross domestic product, current prices (National currency).",4.71E+11,2017,Europe & Central Asia,High Income,1980,POL,0.337861852,0.019367134,0.019367134,0.209697143,250,5,0.189999998,37986018.75,FALSE,FALSE,FALSE,TRUE,TRUE,FALSE,FALSE,FALSE,TRUE,FALSE,TRUE,1.59E+11,9126103320,9126103320,98812649126
Portugal,248,9089081236,281514486,97810588,93844220,1851591788,1004484460,35089,1930085697,PT,34.74442448,,,,,,"Gross domestic product, current prices",U.S. dollars,Dollars,"See notes for:  Gross domestic product, current prices (National currency).",2.05E+11,2017,Europe & Central Asia,High Income,1980,PRT,0.344333796,0.032229085,0.032229085,0.252088072,8138,5,0.221999997,10344577,FALSE,FALSE,FALSE,TRUE,TRUE,FALSE,FALSE,FALSE,TRUE,FALSE,TRUE,70681053928,6615632134,6615632134,51745866498
Romania,199,8447735711,302335888,79562204,87773575,2026418265,1011185166,57723,2857039116,RO,26.31583188,,,,,,"Gross domestic product, current prices",U.S. dollars,Dollars,"See notes for:  Gross domestic product, current prices (National currency).",1.88E+11,2016,Europe & Central Asia,UMICs,1980,ROU,0.25729223,0.020089714,0.020089714,0.163650148,82,5,0.159999996,19753332.75,FALSE,FALSE,FALSE,TRUE,FALSE,FALSE,FALSE,FALSE,FALSE,FALSE,TRUE,48321281767,3772988828,3772988828,30734643270
Russia,341,36804373012,1967677309,789478666,632601009,13354059825,8355147214,171424,14969867653,RU,40.1223647,,,,,,"Gross domestic product, current prices",U.S. dollars,Dollars,"See notes for:  Gross domestic product, current prices (National currency).",1.28E+12,2017,Europe & Central Asia,UMICs,1989,RUS,0.312822307,0.035979562,,0.241862614,573,4,0.200000003,144188494,FALSE,FALSE,FALSE,FALSE,FALSE,TRUE,FALSE,FALSE,FALSE,TRUE,TRUE,4.01E+11,46100109643,,3.10E+11
Serbia,76,805317314,2124611,6452463,9493991,1577781380,-529717142,9516,315989198,RS,303.7009128,,,,,,"Gross domestic product, current prices",U.S. dollars,Dollars,"See notes for:  Gross domestic product, current prices (National currency).",38300000000,2016,Europe & Central Asia,UMICs,1990,SRB,0.361351767,0.023557275,0.023557275,0.242093064,1.56E-07,5,0.150000006,7076637.25,FALSE,FALSE,FALSE,FALSE,FALSE,FALSE,FALSE,FALSE,FALSE,FALSE,TRUE,13839772672,902243620.1,902243620.1,9272164346
Slovakia,159,6168549532,415244002,56530897,92305505,1662866348,654495632,41391,2064626354,SK,13.61389851,,,,,,"Gross domestic product, current prices",U.S. dollars,Dollars,"See notes for:  Gross domestic product, current prices (National currency).",89806000000,2017,Europe & Central Asia,High Income,1980,SVK,0.329519004,0.032129274,0.032129274,0.184154777,6154,5,0.219999999,5428285,FALSE,FALSE,FALSE,TRUE,TRUE,FALSE,FALSE,FALSE,TRUE,FALSE,TRUE,29592783664,2885401551,2885401551,16538203921
Slovenia,63,1092639438,47613129,7335912,9743302,213469544,281702486,3849,347927929,SI,15.40733019,,,,,,"Gross domestic product, current prices",U.S. dollars,Dollars,"See notes for:  Gross domestic product, current prices (National currency).",44727000000,2017,Europe & Central Asia,High Income,1990,SVN,0.362543326,0.017762721,0.017762721,0.217428488,821,5,0.174000001,2064325.25,FALSE,FALSE,FALSE,TRUE,TRUE,FALSE,FALSE,FALSE,TRUE,FALSE,TRUE,16215475323,794473219,794473219,9724923999
Spain,529,78064998675,912033193,1150375652,1013471570,56478474337,18481757625,147905,17246023693,ES,126.1330904,,,,,,"Gross domestic product, current prices",U.S. dollars,Dollars,"See notes for:  Gross domestic product, current prices (National currency).",1.24E+12,2017,Europe & Central Asia,High Income,1980,ESP,0.335810927,0.02307679,0.02307679,0.221025522,98952,5,0.276000005,46495451,FALSE,FALSE,FALSE,TRUE,TRUE,FALSE,FALSE,FALSE,TRUE,FALSE,TRUE,4.16E+11,28563666356,28563666356,2.74E+11
Sweden,408,30183873648,2191495466,2663908333,387723150,95643966920,-16668069186,45381,5049209665,SE,121.5566436,,,,,,"Gross domestic product, current prices",U.S. dollars,Dollars,"See notes for:  Gross domestic product, current prices (National currency).",5.14E+11,2017,Europe & Central Asia,High Income,1980,SWE,0.441560499,0.026431629,0.026431629,0.344588761,584413,5,0.219999999,9871531.25,FALSE,FALSE,FALSE,TRUE,TRUE,FALSE,FALSE,FALSE,TRUE,FALSE,TRUE,2.27E+11,13598015764,13598015764,1.77E+11
Switzerland,469,2.96E+11,-6204428138,1731895858,1734043937,5.47E+11,3.10E+11,73146,42853576680,CH,-27.91386764,,,,,,"Gross domestic product, current prices",U.S. dollars,Dollars,"See notes for:  Gross domestic product, current prices (National currency).",6.69E+11,2017,Europe & Central Asia,Tax haven,1980,CHE,0.284512351,0.032577424,0.032577424,0.217480516,199332,5,0.179079998,8327600,FALSE,FALSE,FALSE,FALSE,TRUE,FALSE,FALSE,FALSE,TRUE,FALSE,TRUE,1.90E+11,21786087220,21786087220,1.45E+11
Turkey,285,16494317354,554917587,289151525,255744216,8000760110,-670585429,48017,3424390496,TR,52.10711136,,,,,,"Gross domestic product, current prices",U.S. dollars,Dollars,"See notes for:  Gross domestic product, current prices (National currency).",8.63E+11,2016,Europe & Central Asia,UMICs,1980,TUR,0.248783865,0.017030336,0.017030336,0.175802454,7,5,0.200000003,78889886.5,FALSE,FALSE,FALSE,FALSE,TRUE,TRUE,FALSE,FALSE,TRUE,FALSE,TRUE,2.15E+11,14703822078,14703822078,1.52E+11
Ukraine,131,3025045818,176375423,52332583,50020535,517028239,1867041368,23858,570006639,UA,29.67113111,,,,,,"Gross domestic product, current prices",U.S. dollars,Dollars,"See notes for:  Gross domestic product, current prices (National currency).",93263000000,2017,Europe & Central Asia,LMICs,1980,UKR,0.320322905,0.024605688,0.024605688,0.258189995,1,5,0.182000005,45065445,FALSE,FALSE,FALSE,FALSE,FALSE,FALSE,FALSE,FALSE,FALSE,FALSE,TRUE,29874275096,2294800316,2294800316,24079573507
"United Kingdom (England, Northern Ireland, Scotland, and Wales",880,5.20E+11,28719536872,5372739291,6069496500,1.33E+12,3.52E+11,978253,1.98E+11,GB,18.70761118,,,,,,"Gross domestic product, current prices",U.S. dollars,Dollars,"See notes for:  Gross domestic product, current prices (National currency).",2.66E+12,2017,Europe & Central Asia,High Income,1980,GBR,0.331123847,0.028151422,0.028469041,0.267586525,259962,5,0.206,65339964.75,TRUE,FALSE,FALSE,TRUE,TRUE,TRUE,FALSE,TRUE,TRUE,FALSE,TRUE,8.81E+11,74902123749,75747206636,7.12E+11
"Europe, other countries",99,14037887725,8063306394,11526193,11686990,1.99E+11,1.20E+11,4673,329075180,Europe_other,0.142946236,,,,,,,,,,,,,High Income,,,,,,,,,,,FALSE,FALSE,FALSE,FALSE,FALSE,FALSE,FALSE,FALSE,FALSE,FALSE,TRUE,,,,
